<?xml version="1.0" encoding="UTF-8"?>
<project-private xmlns="http://www.netbeans.org/ns/project-private/1">
    <editor-bookmarks xmlns="http://www.netbeans.org/ns/editor-bookmarks/2" lastBookmarkId="0"/>
    <open-files xmlns="http://www.netbeans.org/ns/projectui-open-files/2">
        <group>
            <file>file:/C:/Users/oscar/OneDrive/Desktop/EE%20310/EE498-UART-PT1.X/main.c</file>
            <file>file:/C:/Users/oscar/OneDrive/Desktop/EE%20310/EE498-UART-PT1.X/mcc_generated_files/uart/uart1.h</file>
            <file>file:/C:/Users/oscar/OneDrive/Desktop/EE%20310/EE498-UART-PT1.X/UART-WIFI.c</file>
            <file>file:/C:/Users/oscar/OneDrive/Desktop/EE%20310/EE498-UART-PT1.X/PabloMain.c</file>
            <file>file:/C:/Users/oscar/OneDrive/Desktop/EE%20310/EE498-UART-PT1.X/esp8266.h</file>
        </group>
    </open-files>
</project-private>
